id,fullName,email,skills,seniorityLevel,role,createdAt,updatedAt
41a13bfe-959f-4b39-a5e9-b7dcf0116e7e,Kabina Suwal,kabina.suwal@devpulse.local,"Node.js, Express, NestJS, PostgreSQL, MongoDB, Redis, Docker, Kubernetes, Microservices, GraphQL, REST APIs",lead,developer,Sat Dec 06 2025 21:37:56 GMT+0545 (Nepal Time),Tue Dec 09 2025 01:42:12 GMT+0545 (Nepal Time)
e54949e9-48a6-4a61-98f3-0dea28a6a07a,Rojil Shrestha,rojil.shrestha@devpulse.local,"React, Next.js, TypeScript, Redux, Zustand, Tailwind CSS, Webpack, Vite, HTML5, CSS3, Responsive Design",lead,developer,Tue Dec 09 2025 00:26:32 GMT+0545 (Nepal Time),Tue Dec 09 2025 01:42:12 GMT+0545 (Nepal Time)
a21d5510-8fd3-4872-bda5-376a233d8e30,Ananda Rai,ananda.rai@devpulse.local,"[""Swift"",""SwiftUI"",""UIKit"",""Objective-C"",""Core Data"",""Combine"",""Xcode"",""iOS SDK"",""App Store"",""TestFlight"",""Firebase"",""App Distribution"",""Mobile UI/UX""]",principal,developer,Tue Dec 09 2025 01:08:47 GMT+0545 (Nepal Time),Tue Dec 09 2025 02:34:12 GMT+0545 (Nepal Time)
12763fad-6ef9-430e-a804-3695d6c53e82,Niroj Maharjan,niroj.maharjan@devpulse.local,"React Native, Flutter, Dart, Android Studio, Mobile UI/UX, Firebase, Push Notifications, App Distribution",principal,developer,Tue Dec 09 2025 01:08:47 GMT+0545 (Nepal Time),Tue Dec 09 2025 01:42:12 GMT+0545 (Nepal Time)
5c0e1a41-7063-406d-9770-b4a94e517775,Noor Kayastha,noor.kayastha@devpulse.local,"Project Management, Agile, Scrum, Team Leadership, Resource Planning, Stakeholder Management, JIRA, Strategic Planning",lead,manager,Tue Dec 09 2025 01:08:47 GMT+0545 (Nepal Time),Tue Dec 09 2025 01:42:12 GMT+0545 (Nepal Time)
30641706-b413-434b-a724-78815f1eab84,Dipesh Chaudhary,dipesh.chaudhary@devpulse.local,"DevOps, AWS, Azure, Docker, Kubernetes, Jenkins, CI/CD, Terraform, Ansible, Network Architecture, Server Management, Linux, Nginx",principal,developer,Tue Dec 09 2025 01:32:26 GMT+0545 (Nepal Time),Tue Dec 09 2025 01:42:12 GMT+0545 (Nepal Time)