id,name,clientId,projectType,description,startDate,endDate,status,createdAt,updatedAt
b0c40245-7c88-43f2-91f1-6cca8f6a01c8,Cine+,2062eeee-4383-4165-9763-48281a953494,other,Movies and TV shows streaming App OTT,Wed Jan 01 2025 05:45:00 GMT+0545 (Nepal Time),,active,Sat Dec 06 2025 21:39:33 GMT+0545 (Nepal Time),Tue Dec 09 2025 00:59:42 GMT+0545 (Nepal Time)
9f8c6b6a-8e77-4546-905c-c3a2535fdc47,Launcher,2062eeee-4383-4165-9763-48281a953494,aosp_stb,AOSP Launcher,Tue Jun 04 2019 05:45:00 GMT+0545 (Nepal Time),,active,Tue Dec 09 2025 00:49:18 GMT+0545 (Nepal Time),Tue Dec 09 2025 00:55:12 GMT+0545 (Nepal Time)
bf379b76-f968-4e3d-8f02-369615fe009c,Live TV,2062eeee-4383-4165-9763-48281a953494,aosp_stb,AOSP Live TV,Fri Jan 10 2020 05:45:00 GMT+0545 (Nepal Time),,active,Tue Dec 09 2025 00:50:08 GMT+0545 (Nepal Time),Tue Dec 09 2025 00:55:03 GMT+0545 (Nepal Time)
3e7d362d-1b8d-4ba8-b796-1364f5efcb74,Payment and subscription,2062eeee-4383-4165-9763-48281a953494,other,Payment and subscription related issues and bugs,Fri Jan 01 2021 05:45:00 GMT+0545 (Nepal Time),,active,Tue Dec 09 2025 01:00:57 GMT+0545 (Nepal Time),Tue Dec 09 2025 01:00:57 GMT+0545 (Nepal Time)
6632d5ec-5664-451f-aa29-6e039d52a37f,NetTV OTT (iOS),2062eeee-4383-4165-9763-48281a953494,mobile,An IPTV and for OTT devices,Wed Jan 01 2025 05:45:00 GMT+0545 (Nepal Time),,active,Tue Dec 09 2025 01:02:13 GMT+0545 (Nepal Time),Tue Dec 09 2025 01:02:13 GMT+0545 (Nepal Time)
3a85068e-c6ec-4701-861f-218073b2e09c,NetTV OTT (android),2062eeee-4383-4165-9763-48281a953494,mobile,An IPTV App for android devices (OTT).,Wed Feb 02 2022 05:45:00 GMT+0545 (Nepal Time),,active,Tue Dec 09 2025 01:03:06 GMT+0545 (Nepal Time),Tue Dec 09 2025 01:03:06 GMT+0545 (Nepal Time)
9a4dee04-d3b9-4044-9085-da2ee65f4302,RATV,2062eeee-4383-4165-9763-48281a953494,other,"A bigscreen NETTV App for Google, tizenOS and LG WebOS",Mon Jan 01 2024 05:45:00 GMT+0545 (Nepal Time),,active,Tue Dec 09 2025 01:04:40 GMT+0545 (Nepal Time),Tue Dec 09 2025 01:04:40 GMT+0545 (Nepal Time)
9f57392c-e3fa-4ccc-b460-2818b7e1a0a4,HATV,2062eeee-4383-4165-9763-48281a953494,other,An IPTV app for hotels,Sat Jan 01 2022 05:45:00 GMT+0545 (Nepal Time),,active,Tue Dec 09 2025 01:05:25 GMT+0545 (Nepal Time),Tue Dec 09 2025 01:05:25 GMT+0545 (Nepal Time)
de7bfac9-f5db-42b6-98dc-f89dfeef98ee,NetTV Authentication,2062eeee-4383-4165-9763-48281a953494,other,Server Side,Sat Jan 01 2022 05:45:00 GMT+0545 (Nepal Time),,active,Tue Dec 09 2025 01:59:24 GMT+0545 (Nepal Time),Tue Dec 09 2025 01:59:24 GMT+0545 (Nepal Time)